{
  "project_info": {
    "project_number": "109382953861",
    "project_id": "absenseease",
    "storage_bucket": "absenseease.appspot.com"
  },
  "client": [
    {
      "client_info": {
        "mobilesdk_app_id": "1:109382953861:android:1a0f0ef73b00d735d772ec",
        "android_client_info": {
          "package_name": "com.example.absencemanagementapp"
        }
      },
      "oauth_client": [
        {
          "client_id": "109382953861-996d4tk5ikski16r316he2frnplhhj1s.apps.googleusercontent.com",
          "client_type": 3
        }
      ],
      "api_key": [
        {
          "current_key": "AIzaSyDN47PklHuOywQV_uN6KhvCfetpc1Dbwxw"
        }
      ],
      "services": {
        "appinvite_service": {
          "other_platform_oauth_client": [
            {
              "client_id": "109382953861-996d4tk5ikski16r316he2frnplhhj1s.apps.googleusercontent.com",
              "client_type": 3
            }
          ]
        }
      }
    }
  ],
  "configuration_version": "1"
}