{"v":"5.5.7","meta":{"g":"LottieFiles AE 0.1.21","a":"","k":"","d":"","tc":""},"fr":29.9700012207031,"ip":0,"op":90.0000036657751,"w":360,"h":360,"nm":"Invalid 2","ddd":0,"assets":[],"layers":[{"ddd":0,"ind":1,"ty":4,"nm":"X Outlines","sr":1,"ks":{"o":{"a":0,"k":100,"ix":11},"r":{"a":0,"k":0,"ix":10},"p":{"a":1,"k":[{"i":{"x":0.833,"y":0.833},"o":{"x":0.333,"y":0},"t":0,"s":[180.351,179.075,0],"to":[-1.012,0,0],"ti":[2.225,0,0]},{"i":{"x":0.833,"y":0.833},"o":{"x":0.333,"y":0},"t":3,"s":[185.351,179.075,0],"to":[-0.495,0,0],"ti":[0.998,0,0]},{"i":{"x":0.833,"y":0.833},"o":{"x":0.333,"y":0},"t":6,"s":[175.852,179.075,0],"to":[-1.042,0,0],"ti":[0.426,0,0]},{"t":9.00000036657752,"s":[180.351,179.075,0]}],"ix":2},"a":{"a":0,"k":[22.642,22.637,0],"ix":1},"s":{"a":1,"k":[{"i":{"x":[0.833,0.833,0.833],"y":[0.833,0.833,0.833]},"o":{"x":[0.167,0.167,0.167],"y":[0.167,0.167,0.167]},"t":0,"s":[100,100,100]},{"i":{"x":[0.833,0.833,0.833],"y":[0.833,0.833,0.833]},"o":{"x":[0.167,0.167,0.167],"y":[0.167,0.167,0.167]},"t":9,"s":[130,130,100]},{"t":21.0000008553475,"s":[100,100,100]}],"ix":6}},"ao":0,"shapes":[{"ty":"gr","it":[{"ind":0,"ty":"sh","ix":1,"ks":{"a":0,"k":{"i":[[0,0],[0,0],[-2.132,2.132],[-2.131,-2.133],[0,0],[0,0],[-2.132,-2.131],[2.133,-2.132],[0,0],[0,0],[2.132,-2.131],[2.133,2.132],[0,0],[0,0],[2.133,2.132],[-2.131,2.131]],"o":[[0,0],[-2.132,-2.132],[2.132,-2.133],[0,0],[0,0],[2.132,-2.131],[2.133,2.132],[0,0],[0,0],[2.132,2.131],[-2.133,2.132],[0,0],[0,0],[-2.132,2.132],[-2.131,-2.132],[0,0]],"v":[[-7.732,0.015],[-20.26,-12.513],[-20.26,-20.234],[-12.54,-20.234],[-0.01,-7.706],[12.539,-20.256],[20.259,-20.256],[20.259,-12.535],[7.71,0.015],[20.225,12.53],[20.225,20.25],[12.503,20.25],[-0.01,7.736],[-12.531,20.255],[-20.252,20.255],[-20.252,12.535]],"c":true},"ix":2},"nm":"Path 1","mn":"ADBE Vector Shape - Group","hd":false},{"ty":"fl","c":{"a":0,"k":[1,1,1,1],"ix":4},"o":{"a":0,"k":100,"ix":5},"r":1,"bm":0,"nm":"Fill 1","mn":"ADBE Vector Graphic - Fill","hd":false},{"ty":"tr","p":{"a":0,"k":[22.642,22.637],"ix":2},"a":{"a":0,"k":[0,0],"ix":1},"s":{"a":0,"k":[100,100],"ix":3},"r":{"a":0,"k":0,"ix":6},"o":{"a":0,"k":100,"ix":7},"sk":{"a":0,"k":0,"ix":4},"sa":{"a":0,"k":0,"ix":5},"nm":"Transform"}],"nm":"Group 1","np":2,"cix":2,"bm":0,"ix":1,"mn":"ADBE Vector Group","hd":false}],"ip":0,"op":94.0000038286985,"st":0,"bm":0},{"ddd":0,"ind":2,"ty":4,"nm":"Solid Circle Outlines","sr":1,"ks":{"o":{"a":0,"k":100,"ix":11},"r":{"a":0,"k":0,"ix":10},"p":{"a":0,"k":[180.34,179.091,0],"ix":2},"a":{"a":0,"k":[60.305,60.304,0],"ix":1},"s":{"a":1,"k":[{"i":{"x":[0.833,0.833,0.833],"y":[0.833,0.833,0.833]},"o":{"x":[0.167,0.167,0.167],"y":[0.167,0.167,0.167]},"t":0,"s":[100,100,100]},{"i":{"x":[0.833,0.833,0.833],"y":[0.833,0.833,0.833]},"o":{"x":[0.167,0.167,0.167],"y":[0.167,0.167,0.167]},"t":15,"s":[120,120,100]},{"t":30.0000012219251,"s":[100,100,100]}],"ix":6}},"ao":0,"shapes":[{"ty":"gr","it":[{"ind":0,"ty":"sh","ix":1,"ks":{"a":0,"k":{"i":[[33.166,0],[0,33.167],[-33.167,0],[0,-33.167]],"o":[[-33.167,0],[0,-33.167],[33.166,0],[0,33.167]],"v":[[0.001,60.053],[-60.055,0],[0.001,-60.053],[60.055,0]],"c":true},"ix":2},"nm":"Path 1","mn":"ADBE Vector Shape - Group","hd":false},{"ty":"fl","c":{"a":0,"k":[0.984832883349,0.33839934106,0.33839934106,1],"ix":4},"o":{"a":0,"k":100,"ix":5},"r":1,"bm":0,"nm":"Fill 1","mn":"ADBE Vector Graphic - Fill","hd":false},{"ty":"tr","p":{"a":0,"k":[60.305,60.304],"ix":2},"a":{"a":0,"k":[0,0],"ix":1},"s":{"a":0,"k":[100,100],"ix":3},"r":{"a":0,"k":0,"ix":6},"o":{"a":0,"k":100,"ix":7},"sk":{"a":0,"k":0,"ix":4},"sa":{"a":0,"k":0,"ix":5},"nm":"Transform"}],"nm":"Group 1","np":2,"cix":2,"bm":0,"ix":1,"mn":"ADBE Vector Group","hd":false}],"ip":0,"op":94.0000038286985,"st":0,"bm":0},{"ddd":0,"ind":3,"ty":4,"nm":"Bg Outlines","sr":1,"ks":{"o":{"a":0,"k":100,"ix":11},"r":{"a":0,"k":0,"ix":10},"p":{"a":0,"k":[179.379,185.435,0],"ix":2},"a":{"a":0,"k":[98.938,87.139,0],"ix":1},"s":{"a":0,"k":[100,100,100],"ix":6}},"ao":0,"shapes":[{"ty":"gr","it":[{"ind":0,"ty":"sh","ix":1,"ks":{"a":0,"k":{"i":[[0,0],[-33.555,20.134],[-13.293,-6.907],[0,0],[-0.665,-0.366],[0,0],[0,0],[0,0],[0,0],[0,0],[0,0],[0,0],[0,0],[0,0],[0,0],[0,0],[0,0],[0,0],[0,0],[0,0],[-5.097,-2.028],[-4.337,-1.144],[0,0],[0,0],[0,0],[0,0],[0,0],[0,0],[0,0],[0,0],[0,0],[0,0],[0,0],[0,0],[0,0],[0,0],[0,0],[0,0],[0,0],[0,0],[0,0],[-0.293,-0.103],[0,0],[0,0],[0,0],[-0.975,-0.402],[0,0],[-3.738,-6.214],[45.584,-27.352],[26.228,43.591]],"o":[[-26.229,-43.591],[11.622,-6.974],[0,0],[0.665,0.353],[0,0],[0,0],[0,0],[0,0],[0,0],[0,0],[0,0],[0,0],[0,0],[0,0],[0,0],[0,0],[0,0],[0,0],[0,0],[5.485,3.294],[3.304,1.311],[0,0],[0,0],[0,0],[0,0],[0,0],[0,0],[0,0],[0,0],[0,0],[0,0],[0,0],[0,0],[0,0],[0,0],[0,0],[0,0],[0,0],[0,0],[0,0],[0.295,0.1],[0,0],[0,0],[0,0],[1.008,0.375],[0,0],[8.137,3.448],[13.616,22.63],[-45.584,27.351],[0,0]],"v":[[-70.497,26.277],[-65.133,-79.915],[-27.067,-76.207],[-26.07,-75.683],[-24.075,-74.604],[-23.077,-74.048],[-22.079,-73.485],[-21.081,-72.913],[-20.084,-72.333],[-19.087,-71.747],[-18.09,-71.156],[-17.094,-70.559],[-15.435,-69.553],[-13.78,-68.538],[-12.128,-67.517],[-6.38,-63.942],[-4.751,-62.934],[-3.127,-61.938],[-2.437,-61.518],[-1.064,-60.687],[14.863,-52.412],[26.463,-48.786],[27.923,-48.407],[30.158,-47.837],[32.445,-47.266],[38.727,-45.717],[40.328,-45.318],[42.741,-44.705],[44.357,-44.287],[45.972,-43.86],[47.587,-43.423],[49.2,-42.975],[50.117,-42.714],[51.031,-42.45],[51.943,-42.18],[52.853,-41.907],[53.758,-41.628],[54.66,-41.346],[55.558,-41.058],[56.45,-40.765],[57.339,-40.467],[58.221,-40.162],[59.098,-39.854],[59.533,-39.697],[60.399,-39.378],[63.375,-38.215],[64.208,-37.868],[82.928,-23.755],[53.104,59.538],[-70.496,26.276]],"c":true},"ix":2},"nm":"Path 1","mn":"ADBE Vector Shape - Group","hd":false},{"ty":"fl","c":{"a":0,"k":[0.959243056353,0.951659737381,0.970616718367,1],"ix":4},"o":{"a":0,"k":100,"ix":5},"r":1,"bm":0,"nm":"Fill 1","mn":"ADBE Vector Graphic - Fill","hd":false},{"ty":"tr","p":{"a":0,"k":[98.938,87.139],"ix":2},"a":{"a":0,"k":[0,0],"ix":1},"s":{"a":0,"k":[100,100],"ix":3},"r":{"a":0,"k":0,"ix":6},"o":{"a":0,"k":100,"ix":7},"sk":{"a":0,"k":0,"ix":4},"sa":{"a":0,"k":0,"ix":5},"nm":"Transform"}],"nm":"Group 1","np":2,"cix":2,"bm":0,"ix":1,"mn":"ADBE Vector Group","hd":false}],"ip":0,"op":94.0000038286985,"st":0,"bm":0}],"markers":[]}