{"v":"4.8.0","meta":{"g":"LottieFiles AE 1.0.0","a":"","k":"","d":"","tc":""},"fr":24,"ip":0,"op":101,"w":1080,"h":1080,"nm":"WAVE","ddd":0,"assets":[{"id":"comp_0","layers":[{"ddd":0,"ind":1,"ty":3,"nm":"Null 1","sr":1,"ks":{"o":{"a":0,"k":0,"ix":11},"r":{"a":0,"k":11,"ix":10},"p":{"a":1,"k":[{"i":{"x":0.667,"y":1},"o":{"x":0.333,"y":0},"t":19.2,"s":[570.46,497.081,0],"to":[1.833,1,0],"ti":[0,-0.167,0]},{"i":{"x":0.667,"y":1},"o":{"x":0.333,"y":0},"t":27.57,"s":[581.46,503.081,0],"to":[0,0.167,0],"ti":[-1.333,-0.167,0]},{"i":{"x":0.667,"y":1},"o":{"x":0.333,"y":0},"t":35.94,"s":[570.46,498.081,0],"to":[1.333,0.167,0],"ti":[0,0,0]},{"i":{"x":0.667,"y":1},"o":{"x":0.333,"y":0},"t":45.241,"s":[589.46,504.081,0],"to":[0,0,0],"ti":[0,0,0]},{"i":{"x":0.667,"y":1},"o":{"x":0.333,"y":0},"t":52.68,"s":[570.46,498.081,0],"to":[0,0,0],"ti":[0,0,0]},{"i":{"x":0.667,"y":1},"o":{"x":0.333,"y":0},"t":60.12,"s":[589.46,504.081,0],"to":[0,0,0],"ti":[0,0,0]},{"i":{"x":0.667,"y":1},"o":{"x":0.333,"y":0},"t":67.561,"s":[570.46,498.081,0],"to":[0,0,0],"ti":[0,0,0]},{"i":{"x":0.667,"y":1},"o":{"x":0.333,"y":0},"t":76.86,"s":[589.46,504.081,0],"to":[0,0,0],"ti":[3.167,1.167,0]},{"i":{"x":0.667,"y":1},"o":{"x":0.333,"y":0},"t":84.3,"s":[570.46,498.081,0],"to":[-3.167,-1.167,0],"ti":[0,0.167,0]},{"t":93.6,"s":[570.46,497.081,0]}],"ix":2},"a":{"a":0,"k":[50,100,0],"ix":1},"s":{"a":0,"k":[100,100,100],"ix":6}},"ao":0,"ip":0,"op":146,"st":0,"bm":0},{"ddd":0,"ind":2,"ty":3,"nm":"Null 1","sr":1,"ks":{"o":{"a":0,"k":0,"ix":11},"r":{"a":0,"k":11,"ix":10},"p":{"a":1,"k":[{"i":{"x":0.667,"y":1},"o":{"x":0.333,"y":0},"t":19.2,"s":[570.46,541.081,0],"to":[1.833,1,0],"ti":[0,-0.167,0]},{"i":{"x":0.667,"y":1},"o":{"x":0.333,"y":0},"t":27.57,"s":[581.46,547.081,0],"to":[0,0.167,0],"ti":[-1.333,-0.167,0]},{"i":{"x":0.667,"y":1},"o":{"x":0.333,"y":0},"t":35.94,"s":[570.46,542.081,0],"to":[1.333,0.167,0],"ti":[0,0,0]},{"i":{"x":0.667,"y":1},"o":{"x":0.333,"y":0},"t":45.241,"s":[589.46,548.081,0],"to":[0,0,0],"ti":[0,0,0]},{"i":{"x":0.667,"y":1},"o":{"x":0.333,"y":0},"t":52.68,"s":[570.46,542.081,0],"to":[0,0,0],"ti":[0,0,0]},{"i":{"x":0.667,"y":1},"o":{"x":0.333,"y":0},"t":60.12,"s":[589.46,548.081,0],"to":[0,0,0],"ti":[0,0,0]},{"i":{"x":0.667,"y":1},"o":{"x":0.333,"y":0},"t":67.561,"s":[570.46,542.081,0],"to":[0,0,0],"ti":[0,0,0]},{"i":{"x":0.667,"y":1},"o":{"x":0.333,"y":0},"t":76.86,"s":[589.46,548.081,0],"to":[0,0,0],"ti":[3.167,1.167,0]},{"i":{"x":0.667,"y":1},"o":{"x":0.333,"y":0},"t":84.3,"s":[570.46,542.081,0],"to":[-3.167,-1.167,0],"ti":[0,0.167,0]},{"t":93.6,"s":[570.46,541.081,0]}],"ix":2},"a":{"a":0,"k":[50,100,0],"ix":1},"s":{"a":0,"k":[100,100,100],"ix":6}},"ao":0,"ip":0,"op":146,"st":0,"bm":0},{"ddd":0,"ind":3,"ty":3,"nm":"Null 1","sr":1,"ks":{"o":{"a":0,"k":0,"ix":11},"r":{"a":0,"k":11,"ix":10},"p":{"a":0,"k":[410.46,353.081,0],"ix":2},"a":{"a":0,"k":[50,100,0],"ix":1},"s":{"a":0,"k":[100,100,100],"ix":6}},"ao":0,"ip":0,"op":146,"st":0,"bm":0},{"ddd":0,"ind":4,"ty":3,"nm":"Null 1","parent":3,"sr":1,"ks":{"o":{"a":0,"k":0,"ix":11},"r":{"a":0,"k":0,"ix":10},"p":{"a":0,"k":[66.368,-25.428,0],"ix":2},"a":{"a":0,"k":[50,100,0],"ix":1},"s":{"a":0,"k":[100,100,100],"ix":6}},"ao":0,"ip":0,"op":146,"st":0,"bm":0},{"ddd":0,"ind":5,"ty":4,"nm":"HANDS","parent":4,"sr":1,"ks":{"o":{"a":0,"k":100,"ix":11},"r":{"a":1,"k":[{"i":{"x":[0.667],"y":[1]},"o":{"x":[0.167],"y":[0]},"t":19.2,"s":[-99]},{"i":{"x":[0],"y":[1]},"o":{"x":[0],"y":[0]},"t":24.8,"s":[-1]},{"i":{"x":[0],"y":[1]},"o":{"x":[0],"y":[0]},"t":31.2,"s":[27]},{"i":{"x":[0],"y":[1]},"o":{"x":[0],"y":[0]},"t":38.401,"s":[-7]},{"i":{"x":[0],"y":[1]},"o":{"x":[0],"y":[0]},"t":46.401,"s":[26]},{"i":{"x":[0],"y":[1]},"o":{"x":[0.333],"y":[0]},"t":52.8,"s":[2]},{"i":{"x":[0],"y":[1]},"o":{"x":[0],"y":[0]},"t":60,"s":[27]},{"i":{"x":[0],"y":[1]},"o":{"x":[0],"y":[0]},"t":67.2,"s":[-7]},{"i":{"x":[0],"y":[1]},"o":{"x":[0],"y":[0]},"t":75.2,"s":[26]},{"i":{"x":[0],"y":[1]},"o":{"x":[0],"y":[0]},"t":89.6,"s":[27]},{"i":{"x":[0],"y":[1]},"o":{"x":[0],"y":[0]},"t":96.8,"s":[-7]},{"t":104.8,"s":[26]}],"ix":10},"p":{"a":1,"k":[{"i":{"x":0,"y":1},"o":{"x":0.3,"y":0},"t":19.2,"s":[-169.533,405.131,0],"to":[-22,-85.667,0],"ti":[-217.82,31.7,0]},{"i":{"x":0,"y":1},"o":{"x":0.3,"y":0},"t":27.2,"s":[62.467,55.131,0],"to":[5.923,-0.862,0],"ti":[0,0,0]},{"i":{"x":0,"y":1},"o":{"x":0.167,"y":0},"t":75.2,"s":[62.467,55.131,0],"to":[0,0,0],"ti":[0,0,0]},{"i":{"x":0,"y":1},"o":{"x":0.167,"y":0},"t":80.8,"s":[69.34,17.121,0],"to":[0,0,0],"ti":[0,0,0]},{"t":87.2,"s":[-55.296,434.573,0]}],"ix":2},"a":{"a":0,"k":[-10.129,341.445,0],"ix":1},"s":{"a":1,"k":[{"i":{"x":[0,0,0],"y":[1,1,1]},"o":{"x":[0.3,0.3,0.3],"y":[0,0,0]},"t":19.2,"s":[0,0,100]},{"i":{"x":[0.833,0.833,0.833],"y":[1,1,1]},"o":{"x":[0.3,0.3,0.3],"y":[0,0,0]},"t":24,"s":[-22,22,100]},{"i":{"x":[0.833,0.833,0.833],"y":[1,1,1]},"o":{"x":[0.167,0.167,0.167],"y":[0,0,0]},"t":78.401,"s":[-22,22,100]},{"t":83.2,"s":[0,0,100]}],"ix":6}},"ao":0,"shapes":[{"ty":"gr","it":[{"ind":0,"ty":"sh","ix":1,"ks":{"a":0,"k":{"i":[[-1.119,95.125],[1.991,-69.036],[0,0],[18,96],[-2,-39],[0,0],[24,22],[-41,-98.999],[-29.072,-66.47],[0,0],[-70.369,40.942],[2,24],[-16,58],[25.474,-18.196],[0,0],[-6.086,35.985],[14.944,-68.743],[0,0]],"o":[[1,-85],[-3,104],[0,0],[-18,-96],[2.612,50.943],[0,0],[-24,-22],[42.418,102.425],[44.464,101.664],[0,0],[110,-64],[-2,-23.999],[16,-58],[-28,20],[0,0],[23,-136],[-5,23],[0,0]],"v":[[36,-293],[-54,-296],[-50,-32],[-94,-252],[-185,-267],[-140,84.001],[-212,-54],[-267,36.999],[-178.464,241.336],[-10,341],[106,307],[192,80],[256,-114],[197,-170],[124,-16],[164,-200],[81,-267],[34,-28]],"c":true},"ix":2},"nm":"Path 1","mn":"ADBE Vector Shape - Group","hd":false},{"ty":"st","c":{"a":0,"k":[1,1,1,1],"ix":3},"o":{"a":0,"k":100,"ix":4},"w":{"a":0,"k":65,"ix":5},"lc":2,"lj":2,"bm":0,"nm":"Stroke 1","mn":"ADBE Vector Graphic - Stroke","hd":false},{"ty":"tr","p":{"a":0,"k":[0,0],"ix":2},"a":{"a":0,"k":[0,0],"ix":1},"s":{"a":0,"k":[100,100],"ix":3},"r":{"a":0,"k":0,"ix":6},"o":{"a":0,"k":100,"ix":7},"sk":{"a":0,"k":0,"ix":4},"sa":{"a":0,"k":0,"ix":5},"nm":"Transform"}],"nm":"Shape 1","np":3,"cix":2,"bm":0,"ix":1,"mn":"ADBE Vector Group","hd":false}],"ip":0,"op":146,"st":0,"bm":0},{"ddd":0,"ind":6,"ty":4,"nm":"BODY","sr":1,"ks":{"o":{"a":0,"k":100,"ix":11},"r":{"a":0,"k":0,"ix":10},"p":{"a":0,"k":[530,792,0],"ix":2},"a":{"a":0,"k":[-4,-158,0],"ix":1},"s":{"a":0,"k":[100,100,100],"ix":6}},"ao":0,"shapes":[{"ty":"gr","it":[{"ind":0,"ty":"sh","ix":1,"ks":{"a":1,"k":[{"i":{"x":0,"y":1},"o":{"x":0.333,"y":0},"t":0.8,"s":[{"i":[[-54.606,0],[-40.822,-28.464],[-4.043,-113.82],[167,0.5],[-2.5,0],[-63.255,46.526]],"o":[[51.883,0],[67.162,46.83],[0.5,2],[-155,-3.5],[3.011,-116.209],[41.799,-30.744]],"v":[[0,-206.5],[141.374,-163.102],[258.5,81],[-10,84.5],[-256,81],[-147.294,-160.321]],"c":true}]},{"i":{"x":0.667,"y":0.34},"o":{"x":1,"y":0},"t":8.8,"s":[{"i":[[-54.606,0],[-40.822,-28.464],[-4.043,-113.819],[165,-1.5],[-2.5,0],[-63.255,46.526]],"o":[[51.883,0],[67.162,46.83],[0.5,2],[-163,-1.5],[3.011,-116.209],[41.799,-30.744]],"v":[[0,-216.5],[141.374,-173.102],[258.5,81],[-18,83.5],[-256,84],[-147.294,-170.321]],"c":true}]},{"i":{"x":0,"y":1},"o":{"x":0.333,"y":0.639},"t":18.401,"s":[{"i":[[-54.606,0],[-40.822,-28.464],[-4.043,-113.819],[165,-0.5],[-2.5,0],[-63.255,46.526]],"o":[[51.883,0],[67.162,46.83],[0.5,2],[-154,-0.5],[3.011,-116.209],[41.799,-30.744]],"v":[[2,-166.5],[143.374,-123.102],[258.5,81],[-30,82.5],[-256,84],[-145.294,-120.321]],"c":true}]},{"i":{"x":0,"y":1},"o":{"x":0.167,"y":0},"t":33,"s":[{"i":[[-52.261,-15.659],[-29.964,-39.676],[-24.5,-127],[201.25,-3.25],[-2.5,0],[-73.88,26.389]],"o":[[49.654,14.878],[14.795,19.59],[0.5,2],[-51,0.5],[3.011,-116.209],[48.82,-17.438]],"v":[[56.349,-189.663],[179.205,-107.59],[258.5,81],[-30,83.5],[-256,84],[-97.86,-187.704]],"c":true}]},{"i":{"x":0,"y":1},"o":{"x":0.167,"y":0},"t":72,"s":[{"i":[[-52.261,-15.659],[-29.964,-39.676],[-24.5,-127],[201.25,-3.25],[-2.5,0],[-73.88,26.389]],"o":[[49.654,14.878],[14.795,19.59],[0.5,2],[-51,0.5],[3.011,-116.209],[48.82,-17.438]],"v":[[56.349,-189.663],[179.205,-107.59],[258.5,81],[-30,83.5],[-256,84],[-97.86,-187.704]],"c":true}]},{"i":{"x":0.404,"y":1},"o":{"x":0.328,"y":0},"t":80,"s":[{"i":[[-52.261,-15.659],[-29.964,-39.676],[-24.5,-127],[88,-0.5],[-2.5,0],[-73.88,26.389]],"o":[[49.654,14.878],[14.795,19.59],[0.5,2],[-114,-0.5],[3.011,-116.209],[48.82,-17.438]],"v":[[56.698,-217.663],[179.554,-135.59],[258.5,81],[-30,82.5],[-256,84],[-97.511,-215.704]],"c":true}]},{"i":{"x":0.833,"y":1},"o":{"x":0.252,"y":0},"t":88,"s":[{"i":[[-54.606,0],[-40.822,-28.464],[-4.043,-113.82],[4,-0.5],[-2.5,0],[-63.255,46.526]],"o":[[51.883,0],[67.162,46.83],[0.5,2],[-218,0.5],[3.011,-116.209],[41.799,-30.744]],"v":[[-0.626,-156.5],[140.748,-113.102],[258.5,81],[-30,82.5],[-256,84],[-147.92,-110.321]],"c":true}]},{"t":95.2,"s":[{"i":[[-54.606,0],[-40.822,-28.464],[-4.043,-113.82],[167,0.5],[-2.5,0],[-63.255,46.526]],"o":[[51.883,0],[67.162,46.83],[0.5,2],[-155,-3.5],[3.011,-116.209],[41.799,-30.744]],"v":[[0,-206.5],[141.374,-163.102],[258.5,81],[-10,84.5],[-256,81],[-147.294,-160.321]],"c":true}]}],"ix":2},"nm":"Path 1","mn":"ADBE Vector Shape - Group","hd":false},{"ty":"st","c":{"a":0,"k":[1,1,1,1],"ix":3},"o":{"a":0,"k":100,"ix":4},"w":{"a":0,"k":40,"ix":5},"lc":1,"lj":1,"ml":4,"bm":0,"nm":"Stroke 1","mn":"ADBE Vector Graphic - Stroke","hd":false},{"ty":"tr","p":{"a":0,"k":[-4,-194],"ix":2},"a":{"a":0,"k":[0,0],"ix":1},"s":{"a":0,"k":[100,100],"ix":3},"r":{"a":0,"k":0,"ix":6},"o":{"a":0,"k":100,"ix":7},"sk":{"a":0,"k":0,"ix":4},"sa":{"a":0,"k":0,"ix":5},"nm":"Transform"}],"nm":"Ellipse 1","np":3,"cix":2,"bm":0,"ix":1,"mn":"ADBE Vector Group","hd":false}],"ip":0,"op":146,"st":0,"bm":0},{"ddd":0,"ind":7,"ty":4,"nm":"HEAD","parent":1,"sr":1,"ks":{"o":{"a":0,"k":100,"ix":11},"r":{"a":0,"k":-11,"ix":10},"p":{"a":1,"k":[{"i":{"x":0,"y":1},"o":{"x":0.333,"y":0},"t":0,"s":[-16.364,-8.41,0],"to":[-0.731,-3.763,0],"ti":[-1.336,-6.871,0]},{"i":{"x":0.667,"y":0.742},"o":{"x":1,"y":0},"t":8.123,"s":[-20.753,-30.988,0],"to":[1.336,6.871,0],"ti":[-10.866,-3.491,0]},{"i":{"x":0,"y":1},"o":{"x":0.333,"y":0.419},"t":17.6,"s":[-8.351,32.818,0],"to":[10.866,3.491,0],"ti":[-8.799,7.143,0]},{"i":{"x":0.667,"y":0.667},"o":{"x":0.167,"y":0.167},"t":33.6,"s":[44.441,-10.042,0],"to":[0,0,0],"ti":[0,0,0]},{"i":{"x":0,"y":1},"o":{"x":0.333,"y":0},"t":72,"s":[44.441,-10.042,0],"to":[0,0,0],"ti":[0,0,0]},{"i":{"x":0.45,"y":0.577},"o":{"x":0.614,"y":0},"t":80,"s":[54.805,-40.581,0],"to":[0,0,0],"ti":[0,0,0]},{"i":{"x":0.446,"y":1},"o":{"x":0.162,"y":0.559},"t":87.028,"s":[-9.141,33.991,0],"to":[0,0,0],"ti":[0,0,0]},{"t":100.8,"s":[-16.364,-8.41,0]}],"ix":2},"a":{"a":0,"k":[-4,-158,0],"ix":1},"s":{"a":0,"k":[100,100,100],"ix":6}},"ao":0,"shapes":[{"ty":"gr","it":[{"d":1,"ty":"el","s":{"a":0,"k":[228,228],"ix":2},"p":{"a":0,"k":[0,0],"ix":3},"nm":"Ellipse Path 1","mn":"ADBE Vector Shape - Ellipse","hd":false},{"ty":"st","c":{"a":0,"k":[1,1,1,1],"ix":3},"o":{"a":0,"k":100,"ix":4},"w":{"a":0,"k":40,"ix":5},"lc":1,"lj":1,"ml":4,"bm":0,"nm":"Stroke 1","mn":"ADBE Vector Graphic - Stroke","hd":false},{"ty":"tr","p":{"a":0,"k":[-4,-158],"ix":2},"a":{"a":0,"k":[0,0],"ix":1},"s":{"a":0,"k":[100,100],"ix":3},"r":{"a":0,"k":0,"ix":6},"o":{"a":0,"k":100,"ix":7},"sk":{"a":0,"k":0,"ix":4},"sa":{"a":0,"k":0,"ix":5},"nm":"Transform"}],"nm":"Ellipse 1","np":3,"cix":2,"bm":0,"ix":1,"mn":"ADBE Vector Group","hd":false}],"ip":0,"op":146,"st":0,"bm":0}]}],"layers":[{"ddd":0,"ind":1,"ty":0,"nm":"PERSON","refId":"comp_0","sr":1,"ks":{"o":{"a":0,"k":100,"ix":11},"r":{"a":0,"k":0,"ix":10},"p":{"a":1,"k":[{"i":{"x":0.833,"y":0.833},"o":{"x":0.167,"y":0.167},"t":0,"s":[540,540,0],"to":[0.667,0,0],"ti":[-0.667,0,0]},{"i":{"x":0.833,"y":0.833},"o":{"x":0.167,"y":0.167},"t":4,"s":[544,540,0],"to":[0,0,0],"ti":[0,0,0]},{"i":{"x":0.833,"y":0.833},"o":{"x":0.167,"y":0.167},"t":9.6,"s":[544,540,0],"to":[-0.667,0,0],"ti":[0.667,0,0]},{"i":{"x":0.833,"y":0.833},"o":{"x":0.167,"y":0.167},"t":12.8,"s":[540,540,0],"to":[0,0,0],"ti":[0,0,0]},{"i":{"x":0.833,"y":0.833},"o":{"x":0.167,"y":0.167},"t":18.4,"s":[540,540,0],"to":[0.667,0,0],"ti":[-0.667,0,0]},{"i":{"x":0.833,"y":0.833},"o":{"x":0.167,"y":0.167},"t":22.4,"s":[544,540,0],"to":[0,0,0],"ti":[0,0,0]},{"i":{"x":0.833,"y":0.833},"o":{"x":0.167,"y":0.167},"t":27.2,"s":[544,540,0],"to":[-0.667,0,0],"ti":[0,0,0]},{"i":{"x":0.833,"y":0.833},"o":{"x":0.167,"y":0.167},"t":32,"s":[540,540,0],"to":[0,0,0],"ti":[-0.667,0,0]},{"i":{"x":0.833,"y":0.833},"o":{"x":0.167,"y":0.167},"t":36,"s":[544,540,0],"to":[0,0,0],"ti":[0,0,0]},{"i":{"x":0.833,"y":0.833},"o":{"x":0.167,"y":0.167},"t":41.6,"s":[544,540,0],"to":[-0.667,0,0],"ti":[0.667,0,0]},{"i":{"x":0.833,"y":0.833},"o":{"x":0.167,"y":0.167},"t":44.8,"s":[540,540,0],"to":[0,0,0],"ti":[0,0,0]},{"i":{"x":0.833,"y":0.833},"o":{"x":0.167,"y":0.167},"t":50.4,"s":[540,540,0],"to":[0.667,0,0],"ti":[-0.667,0,0]},{"i":{"x":0.833,"y":0.833},"o":{"x":0.167,"y":0.167},"t":54.4,"s":[544,540,0],"to":[0,0,0],"ti":[0,0,0]},{"t":59.1998046875,"s":[544,540,0]}],"ix":2},"a":{"a":0,"k":[540,540,0],"ix":1},"s":{"a":0,"k":[67,67,100],"ix":6}},"ao":0,"w":1080,"h":1080,"ip":64,"op":101.6,"st":-21.6,"bm":0},{"ddd":0,"ind":2,"ty":0,"nm":"PERSON","refId":"comp_0","sr":0.69999998807907,"ks":{"o":{"a":0,"k":100,"ix":11},"r":{"a":0,"k":0,"ix":10},"p":{"a":1,"k":[{"i":{"x":0.833,"y":0.833},"o":{"x":0.167,"y":0.167},"t":19.44,"s":[540,540,0],"to":[0.667,0,0],"ti":[-0.667,0,0]},{"i":{"x":0.833,"y":0.833},"o":{"x":0.167,"y":0.167},"t":22.24,"s":[543.999,540,0],"to":[0,0,0],"ti":[0,0,0]},{"i":{"x":0.833,"y":0.833},"o":{"x":0.167,"y":0.167},"t":26.16,"s":[544,540,0],"to":[-0.667,0,0],"ti":[0.667,0,0]},{"i":{"x":0.833,"y":0.833},"o":{"x":0.167,"y":0.167},"t":28.4,"s":[540,540,0],"to":[0,0,0],"ti":[0,0,0]},{"i":{"x":0.833,"y":0.833},"o":{"x":0.167,"y":0.167},"t":32.32,"s":[540,540,0],"to":[0.667,0,0],"ti":[-0.667,0,0]},{"i":{"x":0.833,"y":0.833},"o":{"x":0.167,"y":0.167},"t":35.12,"s":[544,540,0],"to":[0,0,0],"ti":[0,0,0]},{"i":{"x":0.833,"y":0.833},"o":{"x":0.167,"y":0.167},"t":38.48,"s":[544,540,0],"to":[-0.667,0,0],"ti":[0,0,0]},{"i":{"x":0.833,"y":0.833},"o":{"x":0.167,"y":0.167},"t":41.84,"s":[540,540,0],"to":[0,0,0],"ti":[-0.667,0,0]},{"i":{"x":0.833,"y":0.833},"o":{"x":0.167,"y":0.167},"t":44.64,"s":[544,540,0],"to":[0,0,0],"ti":[0,0,0]},{"i":{"x":0.833,"y":0.833},"o":{"x":0.167,"y":0.167},"t":48.56,"s":[543.999,540,0],"to":[-0.667,0,0],"ti":[0.667,0,0]},{"i":{"x":0.833,"y":0.833},"o":{"x":0.167,"y":0.167},"t":50.8,"s":[540.001,540,0],"to":[0,0,0],"ti":[0,0,0]},{"i":{"x":0.833,"y":0.833},"o":{"x":0.167,"y":0.167},"t":54.72,"s":[540,540,0],"to":[0.667,0,0],"ti":[-0.667,0,0]},{"i":{"x":0.833,"y":0.833},"o":{"x":0.167,"y":0.167},"t":57.52,"s":[543.999,540,0],"to":[0,0,0],"ti":[0,0,0]},{"t":60.8798604011536,"s":[544,540,0]}],"ix":2},"a":{"a":0,"k":[540,540,0],"ix":1},"s":{"a":0,"k":[67,67,100],"ix":6}},"ao":0,"w":1080,"h":1080,"ip":14.4,"op":64.2399991512299,"st":4.32000017166138,"bm":0},{"ddd":0,"ind":3,"ty":0,"nm":"PERSON","refId":"comp_0","sr":1,"ks":{"o":{"a":0,"k":100,"ix":11},"r":{"a":0,"k":0,"ix":10},"p":{"a":1,"k":[{"i":{"x":0.833,"y":0.833},"o":{"x":0.167,"y":0.167},"t":21.6,"s":[540,540,0],"to":[0.667,0,0],"ti":[-0.667,0,0]},{"i":{"x":0.833,"y":0.833},"o":{"x":0.167,"y":0.167},"t":25.6,"s":[544,540,0],"to":[0,0,0],"ti":[0,0,0]},{"i":{"x":0.833,"y":0.833},"o":{"x":0.167,"y":0.167},"t":31.2,"s":[544,540,0],"to":[-0.667,0,0],"ti":[0.667,0,0]},{"i":{"x":0.833,"y":0.833},"o":{"x":0.167,"y":0.167},"t":34.4,"s":[540,540,0],"to":[0,0,0],"ti":[0,0,0]},{"i":{"x":0.833,"y":0.833},"o":{"x":0.167,"y":0.167},"t":40,"s":[540,540,0],"to":[0.667,0,0],"ti":[-0.667,0,0]},{"i":{"x":0.833,"y":0.833},"o":{"x":0.167,"y":0.167},"t":44,"s":[544,540,0],"to":[0,0,0],"ti":[0,0,0]},{"i":{"x":0.833,"y":0.833},"o":{"x":0.167,"y":0.167},"t":48.8,"s":[544,540,0],"to":[-0.667,0,0],"ti":[0,0,0]},{"i":{"x":0.833,"y":0.833},"o":{"x":0.167,"y":0.167},"t":53.6,"s":[540,540,0],"to":[0,0,0],"ti":[-0.667,0,0]},{"i":{"x":0.833,"y":0.833},"o":{"x":0.167,"y":0.167},"t":57.6,"s":[544,540,0],"to":[0,0,0],"ti":[0,0,0]},{"i":{"x":0.833,"y":0.833},"o":{"x":0.167,"y":0.167},"t":63.2,"s":[544,540,0],"to":[-0.667,0,0],"ti":[0.667,0,0]},{"i":{"x":0.833,"y":0.833},"o":{"x":0.167,"y":0.167},"t":66.4,"s":[540,540,0],"to":[0,0,0],"ti":[0,0,0]},{"i":{"x":0.833,"y":0.833},"o":{"x":0.167,"y":0.167},"t":72,"s":[540,540,0],"to":[0.667,0,0],"ti":[-0.667,0,0]},{"i":{"x":0.833,"y":0.833},"o":{"x":0.167,"y":0.167},"t":76,"s":[544,540,0],"to":[0,0,0],"ti":[0,0,0]},{"t":80.7998046875,"s":[544,540,0]}],"ix":2},"a":{"a":0,"k":[540,540,0],"ix":1},"s":{"a":0,"k":[67,67,100],"ix":6}},"ao":0,"w":1080,"h":1080,"ip":0,"op":14.4,"st":0,"bm":0}],"markers":[]}